<?xml version="1.0" encoding="UTF-8" ?>
<rss version="2.0"
	xmlns:excerpt="http://wordpress.org/export/1.2/excerpt/"
	xmlns:content="http://purl.org/rss/1.0/modules/content/"
	xmlns:wfw="http://wellformedweb.org/CommentAPI/"
	xmlns:dc="http://purl.org/dc/elements/1.1/"
	xmlns:wp="http://wordpress.org/export/1.2/"
>

<channel>

	<item>
		<guid isPermaLink="false">https://s3-us-west-2.amazonaws.com/tielabs/jannah/demo-content/seo/lcQglggajzNj/logo.png</guid>
		<wp:post_type>attachment</wp:post_type>
		<wp:post_id>900</wp:post_id>
		<wp:postmeta>
			<wp:meta_key>tie_demo_logo</wp:meta_key>
			<wp:meta_value><![CDATA[true]]></wp:meta_value>
		</wp:postmeta>
	</item>

	<item>
		<guid isPermaLink="false">https://s3-us-west-2.amazonaws.com/tielabs/jannah/demo-content/seo/lcQglggajzNj/1.jpg</guid>
		<wp:post_type>attachment</wp:post_type>
		<wp:post_id>901</wp:post_id>
	</item>
	<item>
		<guid isPermaLink="false">https://s3-us-west-2.amazonaws.com/tielabs/jannah/demo-content/seo/lcQglggajzNj/2.jpg</guid>
		<wp:post_type>attachment</wp:post_type>
		<wp:post_id>902</wp:post_id>
	</item>
	<item>
		<guid isPermaLink="false">https://s3-us-west-2.amazonaws.com/tielabs/jannah/demo-content/seo/lcQglggajzNj/3.jpg</guid>
		<wp:post_type>attachment</wp:post_type>
		<wp:post_id>903</wp:post_id>
	</item>	<item>
		<guid isPermaLink="false">https://s3-us-west-2.amazonaws.com/tielabs/jannah/demo-content/seo/lcQglggajzNj/4.jpg</guid>
		<wp:post_type>attachment</wp:post_type>
		<wp:post_id>904</wp:post_id>
	</item>
	<item>
		<guid isPermaLink="false">https://s3-us-west-2.amazonaws.com/tielabs/jannah/demo-content/seo/lcQglggajzNj/5.jpg</guid>
		<wp:post_type>attachment</wp:post_type>
		<wp:post_id>905</wp:post_id>
	</item>
	<item>
		<guid isPermaLink="false">https://s3-us-west-2.amazonaws.com/tielabs/jannah/demo-content/seo/lcQglggajzNj/6.jpg</guid>
		<wp:post_type>attachment</wp:post_type>
		<wp:post_id>906</wp:post_id>
	</item>	<item>
		<guid isPermaLink="false">https://s3-us-west-2.amazonaws.com/tielabs/jannah/demo-content/seo/lcQglggajzNj/7.jpg</guid>
		<wp:post_type>attachment</wp:post_type>
		<wp:post_id>907</wp:post_id>
	</item>
	<item>
		<guid isPermaLink="false">https://s3-us-west-2.amazonaws.com/tielabs/jannah/demo-content/seo/lcQglggajzNj/8.jpg</guid>
		<wp:post_type>attachment</wp:post_type>
		<wp:post_id>908</wp:post_id>
	</item>
	<item>
		<guid isPermaLink="false">https://s3-us-west-2.amazonaws.com/tielabs/jannah/demo-content/seo/lcQglggajzNj/9.jpg</guid>
		<wp:post_type>attachment</wp:post_type>
		<wp:post_id>909</wp:post_id>
	</item>	<item>
		<guid isPermaLink="false">https://s3-us-west-2.amazonaws.com/tielabs/jannah/demo-content/seo/lcQglggajzNj/10.jpg</guid>
		<wp:post_type>attachment</wp:post_type>
		<wp:post_id>910</wp:post_id>
	</item>
	<item>
		<guid isPermaLink="false">https://s3-us-west-2.amazonaws.com/tielabs/jannah/demo-content/seo/lcQglggajzNj/11.jpg</guid>
		<wp:post_type>attachment</wp:post_type>
		<wp:post_id>911</wp:post_id>
	</item>
	<item>
		<guid isPermaLink="false">https://s3-us-west-2.amazonaws.com/tielabs/jannah/demo-content/seo/lcQglggajzNj/12.jpg</guid>
		<wp:post_type>attachment</wp:post_type>
		<wp:post_id>912</wp:post_id>
	</item>	<item>
		<guid isPermaLink="false">https://s3-us-west-2.amazonaws.com/tielabs/jannah/demo-content/seo/lcQglggajzNj/13.jpg</guid>
		<wp:post_type>attachment</wp:post_type>
		<wp:post_id>913</wp:post_id>
	</item>
	<item>
		<guid isPermaLink="false">https://s3-us-west-2.amazonaws.com/tielabs/jannah/demo-content/seo/lcQglggajzNj/14.jpg</guid>
		<wp:post_type>attachment</wp:post_type>
		<wp:post_id>914</wp:post_id>
	</item>
	<item>
		<guid isPermaLink="false">https://s3-us-west-2.amazonaws.com/tielabs/jannah/demo-content/seo/lcQglggajzNj/15.jpg</guid>
		<wp:post_type>attachment</wp:post_type>
		<wp:post_id>915</wp:post_id>
	</item>	<item>
		<guid isPermaLink="false">https://s3-us-west-2.amazonaws.com/tielabs/jannah/demo-content/seo/lcQglggajzNj/16.jpg</guid>
		<wp:post_type>attachment</wp:post_type>
		<wp:post_id>916</wp:post_id>
	</item>
	<item>
		<guid isPermaLink="false">https://s3-us-west-2.amazonaws.com/tielabs/jannah/demo-content/seo/lcQglggajzNj/17.jpg</guid>
		<wp:post_type>attachment</wp:post_type>
		<wp:post_id>917</wp:post_id>
	</item>
	<item>
		<guid isPermaLink="false">https://s3-us-west-2.amazonaws.com/tielabs/jannah/demo-content/seo/lcQglggajzNj/18.jpg</guid>
		<wp:post_type>attachment</wp:post_type>
		<wp:post_id>918</wp:post_id>
	</item>	<item>
		<guid isPermaLink="false">https://s3-us-west-2.amazonaws.com/tielabs/jannah/demo-content/seo/lcQglggajzNj/19.jpg</guid>
		<wp:post_type>attachment</wp:post_type>
		<wp:post_id>919</wp:post_id>
	</item>
	<item>
		<guid isPermaLink="false">https://s3-us-west-2.amazonaws.com/tielabs/jannah/demo-content/seo/lcQglggajzNj/20.jpg</guid>
		<wp:post_type>attachment</wp:post_type>
		<wp:post_id>920</wp:post_id>
	</item>
	<item>
		<guid isPermaLink="false">https://s3-us-west-2.amazonaws.com/tielabs/jannah/demo-content/seo/lcQglggajzNj/21.jpg</guid>
		<wp:post_type>attachment</wp:post_type>
		<wp:post_id>921</wp:post_id>
	</item>
	<item>
		<guid isPermaLink="false">https://s3-us-west-2.amazonaws.com/tielabs/jannah/demo-content/seo/lcQglggajzNj/22.jpg</guid>
		<wp:post_type>attachment</wp:post_type>
		<wp:post_id>922</wp:post_id>
	</item>
</channel>
</rss>
