{"tie_options":{"sidebar_width":"31","loader-icon":"2","header_layout":"1","top-nav-area-1":"menu","top-nav-components_search_layout":"default","top-nav-components_social_layout":"default","top-nav-components_wz_unit":"F","top-nav-components_wz_animated":"true","breaking_title":"Trending News","main_nav":"true","main-nav-components_search":"true","main-nav-components_search_layout":"compact","main-nav-components_login":"true","main-nav-components_social":"true","main-nav-components_social_layout":"list","main-nav-components_wz_unit":"F","featured_posts_menu":"true","featured_posts_menu_title":"Featured Articles","featured_posts_menu_title_break":"true","featured_posts_menu_title_number":"true","featured_posts_menu_order":"rand","featured_posts_menu_posts_number":"12","featured_posts_menu_columns":"3","featured_posts_menu_thumbnails":"true","featured_posts_menu_counter":"true","featured_posts_menu_date":"true","logo_margin":"20","logo_margin_bottom":"20","sticky_behavior":"upwards","sticky_logo_type":"true","single_sticky_menu":"true","single_sticky_menu_logo":"true","single_sticky_menu_post_title":"true","single_sticky_menu_next_prev":"true","share_post_sticky_menu":"true","share_twitter_sticky_menu":"true","share_facebook_sticky_menu":"true","share_linkedin_sticky_menu":"true","share_print_sticky_menu":"true","footer_instagram_rows":"1","footer_instagram_button":"true","footer_widgets_area_1":"true","footer_widgets_area_2":"true","footer_widgets_layout_area_2":"footer-4c","copyright_area":"true","footer_menu":"true","footer_one":"&copy; Copyright %year%, All Rights Reserved","boxes_style":"3","blocks_shadow":"true","blocks_style":"9","blog_display":"full_thumb","blog_excerpt_length":"60","blog_pagination":"load-more","category_layout":"full_thumb","category_excerpt_length":"60","category_pagination":"load-more","tag_layout":"full_thumb","tag_excerpt_length":"60","tag_pagination":"load-more","author_layout":"full_thumb","author_excerpt_length":"60","author_pagination":"load-more","search_layout":"full_thumb","search_excerpt_length":"60","search_pagination":"load-more","featured_use_fea":"true","reading_indicator_pos":"bottom","post_nav":"true","compact_comments":"true","post_author_signature":"true","post_shortlink":"true","post_author_twitter":"true","post_author_email":"true","post_newsletter":"true","post_newsletter_mailchimp":"#","related_order":"latest","read_next_style":"50","read_next_query":"category","read_next_order":"latest","check_also_order":"latest","inline_related_posts_query":"category","inline_related_posts_order":"latest","autoload_posts_type":"previous","views_icon":"1","share_post_top":"true","share_position_top":"center","share_title_top":"true","share_pinterest_top":"true","share_tumblr_top":"true","share_pocket_top":"true","share_skype_top":"true","share_messenger_top":"true","share_viber_top":"true","share_position_bottom":"center","share_title_bottom":"true","share_style_bottom":"style_3","share_odnoklassniki":"true","share_pocket":"true","share_skype":"true","share_style_sticky":"style_5","share_position_sticky":"left","share_tumblr_sticky":"true","share_vk_sticky":"true","share_odnoklassniki_sticky":"true","share_skype_sticky":"true","share_email_sticky":"true","select_share_twitter":"true","select_share_linkedin":"true","select_share_email":"true","select_share_facebook":"true","banner_top_tab":"true","banner_after_post_title":"true","banner_after_post_title_img":"https:\/\/via.placeholder.com\/728x90","banner_after_post_title_url":"#","banner_after_post_title_tab":"true","article_inline_ad_1_align":"center","article_inline_ad_2_align":"center","article_inline_ad_3_align":"center","article_inline_ad_4_align":"center","article_inline_ad_5_align":"center","autoload_post_before":"true","autoload_post_before_img":"https:\/\/via.placeholder.com\/900x120","autoload_post_before_url":"#","autoload_post_before_tab":"true","autoload_post_before_nofollow":"true","adblock_message":"Please consider supporting us by disabling your ad blocker!","ad_blocker_detector_delay":"10","ad_blocker_dismissable":"true","ad_blocker_show_once":"true","adblock_background":"#77539e","background_color":"#f7f8f8","background_image":{"ver":"top"},"background_dimmer_value":"20","global_color":"#fe4c1c","wrapper_disable_shadows":"true","secondry_nav_background":"#59afff","header_disable_shadows":"true","main_nav_border_bottom_width":"1","footer_background_color":"#332295","footer_border_top":"true","footer_links_color_hover":"#fe4c1c","copyright_background_color":"#261393","back_top_background_color":"#332295","mobile_menu_background_type":"color","typography_body_google_font":"Chenla","typography_headings_google_font":"Be+Vietnam","typography_menu_font_source":"google","typography_menu_google_font":"Be+Vietnam","typography_menu_google_variants":["100","100italic","300","300italic","regular","italic","500","500italic","700","700italic","800","800italic","900","900italic"],"mobile_header_components_menu":"area_2","mobile_header_live_search":"true","mobile_header_components_login":"area_2","mobile_menu_parent_link":"true","mobile_menu_search_position":"bottom","mobile_post_show_more":"true","mobile_hide_post_authorbio":"true","mobile_hide_post_nav":"true","mobile_hide_back_top_button":"true","share_reddit_mobile":"true","share_viber_mobile":"true","amp_menu_position":"left","amp_related_posts":"true","amp_share_buttons":"true","amp_back_to_top":"true","amp_footer_copyright":"&copy; Copyright %year%, All Rights Reserved","amp_header_color":"#f1c40f","api_google_maps":"AIzaSyAuw1XCbuxQ8HvFb5K7OvSOq1iJ3GUBxqU","api_youtube":"AIzaSyBInzXIWjbqmBKIm_sLggC84Bf3SVJd6-w","api_openweather":"2a89af4473879ca9185e00a680362ac0","image_size_jannah-image-small":{"width":"150","height":"150"},"image_size_jannah-image-large":{"width":"390","height":"300"},"disable_switcher":"true","web_stories_layout":"grid","web_stories_number":"20","web_stories_pagination":"next-prev","web_stories_columns":"4","web_stories_author":"true","web_stories_date":"true","web_stories_sidebar_pos":"full","web_stories_after_header_layout":"circles","web_stories_after_header_include":["home"],"web_stories_after_header_columns":"2","web_stories_after_header_circle_size":"90","web_stories_before_footer":"true","web_stories_before_footer_layout":"circles","web_stories_before_footer_include":["post","page","search","404","author_archive","category","post_tag"],"web_stories_before_footer_columns":"2","web_stories_before_footer_circle_size":"100","jso_homepage_lightbox":"true","lazy_load_exclude_main_featured_image":"true"},"homepage":{"1":{"settings":{"sidebar_position":"full","section_width":"true","background_color":"#ecf3f5","parallax_effect":"scroll","section_id":"tiepost-xxxxxx-section-2413"},"blocks":{"1":{"style":"slider_5","title":"Block Title","order":"latest","number":"6","web_stories_columns":"2","excerpt":"true","read_more":"true","post_meta":"true","posts_category":"true","animate_auto":"true","breaking_effect":"reveal","boxid":"block_1929"}}},"2":{"settings":{"sidebar_position":"full","section_width":"true","background_color":"#f7f5f0","parallax_effect":"scroll","section_id":"tiepost-xxxxxx-section-1133"},"blocks":{"2":{"style":"web_stories_circles","order":"latest","number":"5","web_stories_columns":"2","web_stories_circle_size":"100","content_only":"true","excerpt":"true","read_more":"true","post_meta":"true","breaking_effect":"reveal","boxid":"block_1459"}}},"3":{"settings":{"sidebar_position":"right","sticky_sidebar":"true","parallax_effect":"scroll","section_id":"tiepost-xxxxxx-section-6283"},"blocks":{"3":{"style":"big_thumb","title":"SEO","order":"latest","number":"5","web_stories_columns":"2","excerpt":"true","read_more":"true","post_meta":"true","breaking_effect":"reveal","boxid":"block_3305"},"4":{"style":"2c","title":"Content Marketing","order":"latest","number":"4","web_stories_columns":"2","color":"#878cf2","excerpt":"true","read_more":"true","post_meta":"true","breaking_effect":"reveal","boxid":"block_1617"},"5":{"style":"2c","title":"PPC","order":"latest","number":"4","web_stories_columns":"2","color":"#4a8cd3","excerpt":"true","read_more":"true","post_meta":"true","breaking_effect":"reveal","boxid":"block_1016"}}},"4":{"settings":{"sidebar_position":"full","section_width":"true","background_color":"#f7f5f0","parallax_effect":"scroll","section_id":"tiepost-xxxxxx-section-3436"},"blocks":{"6":{"style":"videos_list","title":"Free SEO Training Series","order":"latest","number":"5","videos":"https:\/\/www.youtube.com\/watch?v=-5bX9babOQ4\r\nhttps:\/\/www.youtube.com\/watch?v=2CFRHnhQ0_Q\r\nhttps:\/\/www.youtube.com\/watch?v=wPBq2MAfujA\r\nhttps:\/\/www.youtube.com\/watch?v=cAUeS0to3PQ\r\nhttps:\/\/www.youtube.com\/watch?v=N0bbTH9G4OU\r\nhttps:\/\/www.youtube.com\/watch?v=mvLI96mxx0o\r\nhttps:\/\/www.youtube.com\/watch?v=HKMEaFY66j0\r\nhttps:\/\/www.youtube.com\/watch?v=5JiBcXqPGJc\r\nhttps:\/\/www.youtube.com\/watch?v=j1vr-BV3k0M","web_stories_columns":"2","dark":"true","color":"#332295","excerpt":"true","read_more":"true","post_meta":"true","breaking_effect":"reveal","boxid":"block_2633","videos_list_data":[{"id":"-5bX9babOQ4","type":"y"},{"id":"2CFRHnhQ0_Q","type":"y"},{"id":"wPBq2MAfujA","type":"y"},{"id":"cAUeS0to3PQ","type":"y"},{"id":"N0bbTH9G4OU","type":"y"},{"id":"mvLI96mxx0o","type":"y"},{"id":"HKMEaFY66j0","type":"y"},{"id":"5JiBcXqPGJc","type":"y"},{"id":"j1vr-BV3k0M","type":"y"}]}}},"5":{"settings":{"sidebar_position":"right","sticky_sidebar":"true","parallax_effect":"scroll","section_id":"tiepost-xxxxxx-section-1508"},"blocks":{"7":{"style":"web_stories_grid","title":"Web Stories","order":"latest","number":"5","web_stories_number":"8","web_stories_columns":"4","excerpt":"true","read_more":"true","post_meta":"true","breaking_effect":"reveal","boxid":"block_940"},"8":{"style":"default","title":"Recent Topics","order":"latest","number":"8","pagi":"load-more","web_stories_columns":"2","excerpt":"true","excerpt_length":"60","read_more":"true","post_meta":"true","breaking_effect":"reveal","boxid":"block_3075"}}},"6":{"settings":{"sidebar_position":"full","parallax_effect":"scroll","section_id":"tiepost-xxxxxx-section-961"},"blocks":{"9":{"style":"mini","title":"Read more","order":"latest","number":"6","web_stories_columns":"2","excerpt":"true","read_more":"true","thumb_all":"true","post_meta":"true","breaking_effect":"reveal","boxid":"block_1721"}}},"7":{"settings":{"sidebar_position":"right","sticky_sidebar":"true","section_width":"true","background_color":"#f7f5f0","parallax_effect":"scroll","section_id":"tiepost-xxxxxx-section-8768"},"blocks":{"10":{"style":"code","order":"latest","number":"5","custom_content":"<img class=\"alignleft\" src=\"https:\/\/via.placeholder.com\/700x603\" width=\"350\" height=\"301\" \/>\r\n<h2>Step-by-Step SEO For Beginners: Boost Your Website<\/h2>\r\nA step-by-step guide of the fundamentals of SEO . Learn to attract more visitors to your website! Complete SEO Course.\r\n\r\nI\u2019m going to show you how I easily got on the first page of Google, Yahoo, and Bing! This course is for intermediate to advanced users who already have a basic understanding of SEO and WordPress.","web_stories_columns":"2","content_only":"true","excerpt":"true","read_more":"true","post_meta":"true","breaking_effect":"reveal","boxid":"block_748"}}}},"home_data":[],"widgets":{"primary-widget-area":{"author_post_widget-2":{"no_of_posts":"5","see_all":"true"},"social-statistics-2":{"title":"Follow Us","style":"10"},"posts-list-widget-46":{"title":"Popular Posts","no_of_posts":"5","posts_order":"views","offset":"","media_overlay":"true","cats_id":null,"style":"7"},"widget_tabs-2":{"posts_number":"5","posts_order":"viewed","tabs_order":"p,r,c,t"},"tie-widget-categories-2":{"title":"Categories","depth":"true"},"stream-item-widget-14":{"title":"Advertisement","e3lan_title":"","e3lan_title_link":"","tran_bg":"true","new_window":"true","nofollow":"true","e3lan_img":"https:\/\/via.placeholder.com\/672x1344","e3lan_img_width":"","e3lan_img_height":"","e3lan_alt":"","e3lan_url":"#","e3lan_code":"","bg_color":"","bg_color_2":"","text_color":"","bg_image":""}},"first-footer-widget-area_1":{"author-bio-widget-9":{"title":"","img":"https:\/\/via.placeholder.com\/267x88","alt":"","width":"267px","height":"88px","margin_top":"45px","margin_bottom":"","text_code":"","center":"true","bg_color":"","bg_color_2":"","text_color":"","bg_image":""}},"second-footer-widget-area_1":{"author-bio-widget-11":{"title":"About Jannah SEO","img":"","alt":"","width":"","height":"","margin_top":"","margin_bottom":"","text_code":"Jannah is a Clean Responsive WordPress Newspaper, Magazine, News and Blog theme. Packed with options that allow you to completely customize your website to your needs.","bg_color":"","bg_color_2":"","text_color":"","bg_image":""}},"third-footer-widget-area_1":{"latest_tweets_widget-10":{"title":"@Follow Us","no_of_tweets":3,"username":"google","consumer_key":null,"consumer_secret":null,"slider":"true"}},"first-footer-widget-area_2":{"posts-list-widget-43":{"title":"Recent Topics","no_of_posts":"3","posts_order":"latest","offset":"","media_overlay":null,"cats_id":null,"style":"2"}},"second-footer-widget-area_2":{"posts-list-widget-40":{"title":"Most Popular Topics","no_of_posts":"3","posts_order":"rand","offset":"","media_overlay":null,"cats_id":null,"style":"2"}},"third-footer-widget-area_2":{"posts-list-widget-44":{"title":"Last Modified Topics","no_of_posts":"3","posts_order":"modified","offset":"6","media_overlay":null,"cats_id":null,"style":"2"}},"fourth-footer-widget-area_2":{"posts-list-widget-45":{"title":"Most Viewed Topics","no_of_posts":"3","posts_order":"views","offset":"10","media_overlay":null,"cats_id":null,"style":"2"}},"section_1":{"posts-list-widget-41":{"title":"Social Media","posts_order":"views","cats_id":null,"no_of_posts":"5","title_length":"","offset":"","pagination":"","style":"10","bg_color":"","bg_color_2":"","text_color":"","bg_image":""},"tie-widget-categories-9":{"title":"Categories","depth":"true","categories_exclude":"","bg_color":"#332295","bg_color_2":"","bg_image":"","text_color":"#fff","links_color":"#fff","links_color_hover":""},"login-widget-6":{"title":"Log In","bg_color":"","bg_color_2":"","text_color":"","bg_image":""}},"section_2":{"social-statistics-22":{"title":"Follow Us","style":"10"},"posts-list-widget-33":{"title":"Most Viewed","posts_order":"latest","no_of_posts":"5","title_length":"","offset":"","pagination":"","style":"11","bg_color":"#fe4c1c","bg_color_2":"","bg_image":"","text_color":"#fff","links_color":"#fff","links_color_hover":"#000"},"stream-item-widget-13":{"title":"Advertisement","e3lan_title":"","e3lan_title_link":"","tran_bg":"true","new_window":"true","nofollow":"true","e3lan_img":"https:\/\/via.placeholder.com\/672x1344","e3lan_img_width":"","e3lan_img_height":"","e3lan_alt":"","e3lan_url":"#","e3lan_code":"","bg_color":"","bg_color_2":"","text_color":"","bg_image":""}},"section_3":{"tie-newsletter-6":{"title":"","text":"\r\n\t<h4>Subscribe to our mailing list to get the new updates!<\/h4>","show_icon":"true","mailchimp":"","feedburner":"#","bg_color":"","bg_color_2":"","text_color":"","bg_image":""}}},"post_content":"[dropcap]S[\/dropcap]tay focused and remember we design the best <a href=\"https:\/\/tielabs.com\/\" target=\"_blank\" rel=\"noopener\">WordPress News and Magazine Themes<\/a>. It\u2019s the ones closest to you that want to see you fail. Another one. It\u2019s important to use cocoa butter. It\u2019s the key to more success, why not live smooth? Why live rough? The key to success is to keep your head above the water, never give up. Watch your back, but more importantly when you get out the shower, dry your back, it\u2019s a cold world out there.\n<h3>Don\u2019t wait. The time will never be just right!<\/h3>\nThe key to more success is to have a lot of pillows. Always remember in the jungle there\u2019s a lot of they in there, after you overcome they, you will make it to paradise. Egg whites, turkey sausage, wheat toast, water. Of course they don\u2019t want us to eat our breakfast, so we are going to enjoy our breakfast. Watch your back, but more importantly when you get out the shower, dry your back, it\u2019s a cold world out there. To succeed you must believe. When you believe, you will succeed.\n<!--more-->\n\nYou should never complain, complaining is a weak emotion, you got life, we breathing, we blessed. Surround yourself with angels. They never said winning was easy. Some people can\u2019t handle success, I can. Look at the sunset, life is amazing, life is beautiful, life is what you make it. Life is what you make it, so let\u2019s make it. You should never complain, complaining is a weak emotion, you got life, we breathing, we blessed.\n<blockquote class=\"quote-simple\">Great things in business are never done by one person. They're done by a team of people.<cite>Steve Jobs<\/cite><\/blockquote>\n<a href=\"https:\/\/jannah.tielabs.com\/seo\/wp-content\/uploads\/sites\/70\/2017\/01\/seo-text-keyboard-button.jpg\"><img class=\"alignnone size-large wp-image-5049\" src=\"https:\/\/source.unsplash.com\/collection\/765150\/1024x595\" alt=\"\" width=\"1024\" height=\"595\" \/><\/a>[tie_full_img][\/tie_full_img]\n\n[padding left=\"5%\" right=\"5%\"]\nThey never said winning was easy. Some people can\u2019t handle success, I can. You see the hedges, how I got it shaped up? It\u2019s important to shape up your hedges, it\u2019s like getting a haircut, stay fresh. I told you all this before, when you have a swimming pool, do not use chlorine, use salt water, the healing, salt water is the healing. Look at the sunset, life is amazing, life is beautiful, life is what you make it. Egg whites, turkey sausage, wheat toast, water. Of course they don\u2019t want us to eat our breakfast, so we are going to enjoy our breakfast.\n<blockquote class=\"alignleft quote-simple \">Doing the best at this moment puts you in the best place for the next moment!<cite>Oprah Winfrey<\/cite><\/blockquote>\nGive thanks to the most high. You do know, you do know that they don\u2019t want you to have lunch. I\u2019m keeping it real with you, so what you going do is have lunch. Another one.\n\nEgg whites, turkey sausage, wheat toast, water. Of course they don\u2019t want us to eat our breakfast.\n\nIt took me twenty five years to get these plants, twenty five years of blood sweat and tears, and I\u2019m never giving up, I\u2019m just getting started. The other day the grass was brown, now it\u2019s green because I ain\u2019t give up. Never surrender.\n\nMajor key, don\u2019t fall for the trap, stay focused. It\u2019s the ones closest to you that want to see you fail. Another one. It\u2019s important to use cocoa butter. It\u2019s the key to more success, why not live smooth? Why live rough? The key to success is to keep your head above the water, never give up. Watch your back, but more importantly when you get out the shower, dry your back, it\u2019s a cold world out there.\n[\/padding]\n<h3><a href=\"https:\/\/jannah.tielabs.com\/seo\/wp-content\/uploads\/sites\/70\/2017\/02\/446_finance.jpg\"><img class=\"alignnone size-large wp-image-5041\" src=\"https:\/\/source.unsplash.com\/collection\/765150\/1024x683\" alt=\"\" width=\"1024\" height=\"683\" \/><\/a><\/h3>\n[padding left=\"5%\" right=\"5%\"]\n<h3>Success is largely a matter of holding on after others have let go!<\/h3>\n<ul>\n \t<li>A year from now you may wish you had started today.<\/li>\n \t<li>The question isn\u2019t who is going to let me; it\u2019s who is going to stop me.<\/li>\n \t<li>Success is the sum of small efforts, repeated day-in and day-out.<\/li>\n \t<li>I find that the harder I work, the more luck I seem to have.<\/li>\n \t<li>If people did not do silly things, nothing intelligent would ever get done.<\/li>\n \t<li>Before anything else, preparation is the key to success.<\/li>\n<\/ul>\nDon\u2019t ever play yourself. Put it this way, it took me twenty five years to get these plants, twenty five years of blood sweat and tears, I\u2019m just getting started. <a href=\"https:\/\/tielabs.com\/\" target=\"_blank\" rel=\"noopener\">Surround yourself with angels<\/a>, positive energy, beautiful people, beautiful souls, clean heart, angel. It\u2019s on you how you want to live your life. Everyone has a choice. I pick my choice, squeaky clean. I\u2019m up to something. They don\u2019t want us to win. Mogul talk. Look at the sunset, life is amazing, life is beautiful, life is what you make it.\n<h3>Action is the foundational key to all success<\/h3>\n<blockquote class=\"alignright quote-simple \">In life there will be road blocks but we will over come it. Another one. Learning is cool, but knowing is better, and I know the key to success.<\/blockquote>\nIn life there will be road blocks but we will over come it. Another one. Learning is cool, but knowing is better, and I know the key to success. The key to more success is to get a massage once a week, very important, major key, cloth talk. I told you all this before, when you have a swimming pool, do not use chlorine, use salt water, the healing, salt water is the healing. I\u2019m up to something. Life is what you make it, so let\u2019s make it. The other day the grass was brown, now it\u2019s green because I ain\u2019t give up. Never surrender.\n\nYou see that bamboo behind me though, you see that bamboo? Ain\u2019t nothin\u2019 like bamboo. Bless up. Another one. Give thanks to the most high. A major key, never panic. Don\u2019t panic, when it gets crazy and rough, don\u2019t panic, stay calm. The key to more success is to have a lot of pillows. Eliptical talk. They key is to have every key, the key to open every door. Always remember in the jungle there\u2019s a lot of they in there, after you overcome they, you will make it to paradise.\n<h3>Success is how high you bounce when you hit bottom<\/h3>\nIn life there will be road blocks but we will over come it. Another one. Learning is cool, but knowing is better, and I know the key to success. The key to more success is to get a massage once a week, very important, major key, cloth talk. I told you all this before, when you have a swimming pool, do not use chlorine, use salt water, the healing, salt water is the healing. I\u2019m up to something. Life is what you make it, so let\u2019s make it. The other day the grass was brown, now it\u2019s green because I ain\u2019t give up. Never surrender.\n]Wraith talk. Congratulations, you played yourself. Stay focused. In life you have to take the trash out, if you have trash in your life, take it out, throw it away, get rid of it, major key. Learning is cool, but knowing is better, and I know the key to success. Let\u2019s see what Chef Dee got that they don\u2019t want us to eat. Cloth talk.\n\nThe key to more success is to have a lot of pillows. We the best. I\u2019m giving you cloth talk, cloth. Special cloth alert, cut from a special cloth. I\u2019m giving you cloth talk, cloth. Special cloth alert, cut from a special cloth. Look at the sunset, life is amazing, life is beautiful, life is what you make it. The key to more success is to have a lot of pillows. You should never complain, complaining is a weak emotion, you got life, we breathing, we blessed. You see the hedges, how I got it shaped up? It\u2019s important to shape up your hedges, it\u2019s like getting a haircut, stay fresh. The other day the grass was brown, now it\u2019s green because I ain\u2019t give up. Never surrender.\n[\/padding]\n<blockquote>Great things in business are never done by one person. They're done by a team of people.<cite>Steve Jobs<\/cite><\/blockquote>\n[padding left=\"5%\" right=\"5%\"]They never said winning was easy. Some people can\u2019t handle success, I can. You see the hedges, how I got it shaped up? It\u2019s important to shape up your hedges, it\u2019s like getting a haircut, stay fresh. I told you all this before, when you have a swimming pool, do not use chlorine, use salt water, the healing, salt water is the healing. Look at the sunset, life is amazing, life is beautiful, life is what you make it. Egg whites, turkey sausage, wheat toast, water. Of course they don\u2019t want us to eat our breakfast, so we are going to enjoy our breakfast.\n\nMajor key, don\u2019t fall for the trap, stay focused. It\u2019s the ones closest to you that want to see you fail. Another one. It\u2019s important to use cocoa butter. It\u2019s the key to more success, why not live smooth? Why live rough? The key to success is to keep your head above the water, never give up. Watch your back, but more importantly when you get out the shower, dry your back, it\u2019s a cold world out there.[\/padding]","single_menu":false}